{
  "gpt2": {
    "mean_attention": 1.0,
    "std_attention": 0.0,
    "mean_entropy": 1.7757601737976074,
    "std_entropy": 0.0738258883357048,
    "samples_processed": 50,
    "architecture": "decoder",
    "created_at": "2026-02-23T00:15:40.027612",
    "attention_threshold": 1.0,
    "entropy_threshold": 1.554282546043396
  }
}